                  epoch,         train/box_loss,         train/cls_loss,         train/dfl_loss,   metrics/precision(B),      metrics/recall(B),       metrics/mAP50(B),    metrics/mAP50-95(B),           val/box_loss,           val/cls_loss,           val/dfl_loss,                 lr/pg0,                 lr/pg1,                 lr/pg2
                      1,                 2.0961,                 1.6387,                 2.5813,                0.33501,                0.47993,                0.36844,                0.21675,                 1.3141,                0.94729,                 2.1532,                0.07002,              0.0033311,              0.0033311
                      2,                  1.515,                 1.1227,                 2.0827,                0.32631,                0.53268,                0.38772,                0.24351,                 1.2267,                0.89724,                  2.083,               0.039987,              0.0066314,              0.0066314
                      3,                 1.3595,                 1.0117,                 2.0018,                0.42429,                0.55038,                0.47035,                0.31389,                 1.0894,                0.76178,                 2.0278,              0.0099213,              0.0098988,              0.0098988
                      4,                 1.2582,                0.92217,                 1.9546,                0.52052,                0.59498,                0.52184,                0.35664,                 1.0328,                0.70449,                 1.9456,              0.0098515,              0.0098515,              0.0098515
                      5,                 1.2198,                  0.873,                 1.9197,                0.54513,                 0.6203,                0.53122,                0.37222,                0.97068,                0.67152,                 1.8726,               0.009802,               0.009802,               0.009802
                      6,                 1.1913,                0.83581,                 1.8883,                0.57449,                0.64899,                0.57602,                0.39783,                0.97089,                 0.6309,                 1.8788,              0.0097525,              0.0097525,              0.0097525
                      7,                 1.1735,                0.81734,                 1.8769,                0.55886,                0.64614,                0.58126,                0.40963,                0.96756,                0.62314,                 1.9027,               0.009703,               0.009703,               0.009703
                      8,                  1.161,                0.79458,                 1.8657,                0.59444,                0.66181,                 0.6103,                0.43114,                0.95902,                 0.6151,                 1.8638,              0.0096535,              0.0096535,              0.0096535
                      9,                 1.1496,                0.77995,                 1.8648,                0.62084,                 0.6473,                0.60694,                0.42928,                0.98033,                0.61117,                 1.8962,               0.009604,               0.009604,               0.009604
                     10,                 1.0882,                0.71422,                 1.8145,                 0.6659,                0.65214,                0.65407,                0.46664,                0.94422,                0.57935,                 1.8671,              0.0095545,              0.0095545,              0.0095545
                     11,                  1.082,                0.70284,                 1.8045,                0.67184,                 0.6607,                0.65678,                0.47595,                0.92889,                0.58037,                 1.8577,               0.009505,               0.009505,               0.009505
                     12,                 1.0733,                0.69183,                 1.7961,                0.67198,                0.67149,                0.67271,                0.48162,                0.93215,                0.56338,                 1.8462,              0.0094555,              0.0094555,              0.0094555
                     13,                 1.0643,                 0.6815,                 1.7918,                0.70194,                0.66407,                0.67978,                0.48909,                0.92684,                0.56656,                 1.8332,               0.009406,               0.009406,               0.009406
                     14,                 1.0585,                0.67424,                 1.7892,                0.68849,                0.69137,                0.68759,                0.49698,                0.91884,                0.55559,                 1.8346,              0.0093565,              0.0093565,              0.0093565
                     15,                 1.0538,                0.66964,                 1.7754,                0.68738,                0.67015,                 0.6672,                 0.4839,                0.90688,                0.55633,                 1.8264,               0.009307,               0.009307,               0.009307
                     16,                 1.0484,                  0.665,                 1.7762,                0.70041,                0.68187,                0.68254,                0.49628,                0.90824,                0.55201,                 1.8343,              0.0092575,              0.0092575,              0.0092575
                     17,                 1.0474,                0.65783,                 1.7768,                0.71852,                0.69257,                0.70682,                 0.5128,                0.90261,                0.53544,                 1.8289,               0.009208,               0.009208,               0.009208
                     18,                 1.0418,                0.65221,                  1.779,                0.71679,                0.68646,                0.70159,                0.50442,                0.92428,                0.54055,                 1.8432,              0.0091585,              0.0091585,              0.0091585
                     19,                 1.0362,                0.64944,                 1.7643,                0.72379,                0.68291,                0.69871,                0.50537,                0.89943,                0.53017,                 1.8205,               0.009109,               0.009109,               0.009109
                     20,                 1.0357,                0.64758,                 1.7655,                0.72391,                0.69734,                0.71484,                0.52082,                0.89872,                0.52554,                  1.815,              0.0090595,              0.0090595,              0.0090595
                     21,                 1.0331,                0.64606,                 1.7433,                0.73297,                0.70852,                0.72258,                0.52289,                0.91157,                0.52554,                 1.8196,                0.00901,                0.00901,                0.00901
                     22,                 1.0264,                0.65334,                  1.743,                0.74207,                0.70218,                0.72439,                0.52284,                0.89876,                 0.5226,                 1.8094,              0.0089605,              0.0089605,              0.0089605
                     23,                 1.0212,                0.64192,                 1.7367,                0.72806,                0.70072,                0.71568,                0.52141,                0.89426,                0.52241,                 1.7991,               0.008911,               0.008911,               0.008911
                     24,                 1.0168,                0.63653,                 1.7207,                0.75597,                0.68599,                0.72637,                 0.5278,                0.91053,                0.51855,                 1.8123,              0.0088615,              0.0088615,              0.0088615
                     25,                 1.0204,                 0.6424,                 1.7207,                0.75751,                0.71071,                0.73945,                0.54121,                0.89827,                0.51373,                  1.791,               0.008812,               0.008812,               0.008812
                     26,                 1.0118,                0.63597,                 1.7127,                0.76342,                0.68338,                0.72823,                0.53577,                0.88355,                0.51361,                 1.7728,              0.0087625,              0.0087625,              0.0087625
                     27,                 1.0041,                0.63092,                 1.6985,                0.74954,                0.69534,                0.72649,                0.53706,                0.87722,                0.51244,                 1.7671,               0.008713,               0.008713,               0.008713
                     28,                0.99898,                0.63157,                 1.6914,                0.74563,                0.70124,                0.72796,                0.53812,                0.86561,                0.50934,                 1.7461,              0.0086635,              0.0086635,              0.0086635
                     29,                0.98869,                0.62517,                 1.6824,                0.75708,                0.70364,                 0.7298,                0.54436,                0.85113,                0.50585,                 1.7265,               0.008614,               0.008614,               0.008614
                     30,                0.97772,                0.62038,                 1.6704,                0.76952,                0.70504,                0.73812,                0.55062,                0.83657,                0.49993,                 1.7088,              0.0085645,              0.0085645,              0.0085645
                     31,                0.95536,                 0.6209,                 1.6405,                0.76634,                0.69346,                0.72565,                0.54685,                0.81787,                0.50048,                 1.6731,               0.008515,               0.008515,               0.008515
                     32,                0.93505,                0.61971,                 1.6208,                0.77713,                0.70145,                0.74406,                0.56354,                0.80836,                0.49484,                 1.6583,              0.0084655,              0.0084655,              0.0084655
                     33,                0.92726,                0.61542,                 1.6144,                0.76803,                0.70075,                0.73679,                0.56173,                0.79897,                0.49506,                 1.6386,               0.008416,               0.008416,               0.008416
                     34,                0.92193,                0.61253,                 1.6012,                0.77387,                0.70446,                0.74132,                0.56681,                0.79491,                 0.4918,                  1.631,              0.0083665,              0.0083665,              0.0083665
                     35,                0.91731,                0.61019,                 1.5955,                0.77422,                0.70402,                0.74328,                0.56737,                0.79466,                0.48935,                 1.6313,               0.008317,               0.008317,               0.008317
                     36,                0.91519,                0.60949,                 1.5926,                0.77735,                0.70441,                0.74384,                0.57045,                0.79077,                0.48718,                 1.6239,              0.0082675,              0.0082675,              0.0082675
                     37,                0.90845,                0.60331,                 1.5879,                0.76649,                0.70793,                0.74363,                0.57111,                0.78774,                0.48558,                 1.6166,               0.008218,               0.008218,               0.008218
                     38,                0.90033,                0.59449,                 1.5774,                0.75908,                0.72259,                0.74966,                0.57637,                0.78748,                0.48369,                 1.6144,              0.0081685,              0.0081685,              0.0081685
                     39,                0.90047,                0.59351,                 1.5831,                0.78339,                 0.7067,                0.75529,                0.58029,                0.78747,                  0.481,                 1.6142,               0.008119,               0.008119,               0.008119
                     40,                0.89947,                0.59017,                 1.5777,                0.78788,                0.70155,                0.75567,                0.58206,                0.78715,                0.47921,                  1.614,              0.0080695,              0.0080695,              0.0080695
                     41,                0.89923,                0.59274,                 1.5723,                0.78273,                0.70814,                0.75635,                 0.5832,                0.78438,                0.47895,                  1.607,                0.00802,                0.00802,                0.00802
                     42,                0.89431,                0.58749,                 1.5738,                0.77575,                0.72015,                0.75622,                0.58292,                0.78299,                0.47745,                 1.6036,              0.0079705,              0.0079705,              0.0079705
                     43,                0.89252,                 0.5868,                 1.5652,                0.78483,                0.71153,                0.75712,                0.58424,                0.78366,                 0.4773,                 1.6053,               0.007921,               0.007921,               0.007921
                     44,                0.87693,                0.57208,                  1.552,                0.77446,                0.72216,                0.75958,                0.58627,                0.78258,                0.47574,                 1.6028,              0.0078715,              0.0078715,              0.0078715
                     45,                0.87868,                0.57402,                   1.56,                0.78026,                0.71852,                0.75978,                0.58774,                 0.7812,                0.47494,                 1.6003,               0.007822,               0.007822,               0.007822
                     46,                0.86563,                0.56122,                 1.5397,                0.77608,                0.72122,                0.76098,                 0.5886,                0.78012,                 0.4746,                 1.5989,              0.0077725,              0.0077725,              0.0077725
                     47,                0.85999,                0.55586,                 1.5337,                0.77426,                0.72399,                0.76127,                0.58862,                0.77995,                0.47468,                 1.5981,               0.007723,               0.007723,               0.007723
                     48,                0.87398,                0.56986,                 1.5558,                0.77045,                0.72732,                  0.761,                 0.5889,                0.78007,                0.47459,                 1.5979,              0.0076735,              0.0076735,              0.0076735
                     49,                0.87753,                0.57183,                 1.5538,                 0.7635,                0.72882,                0.76014,                 0.5881,                0.77952,                 0.4741,                 1.5974,               0.007624,               0.007624,               0.007624
                     50,                0.88082,                0.57737,                 1.5575,                0.76863,                0.72737,                0.76012,                0.58783,                0.77886,                0.47351,                 1.5969,              0.0075745,              0.0075745,              0.0075745
                     51,                 0.8788,                0.57402,                 1.5575,                0.77258,                 0.7258,                0.76055,                0.58887,                0.77791,                0.47267,                 1.5949,               0.007525,               0.007525,               0.007525
                     52,                0.87989,                 0.5778,                 1.5536,                0.78387,                0.71399,                0.76051,                0.58896,                0.77755,                0.47209,                 1.5945,              0.0074755,              0.0074755,              0.0074755
                     53,                  0.882,                0.57913,                 1.5558,                 0.7815,                0.71892,                0.76115,                0.58992,                 0.7761,                0.47165,                 1.5919,               0.007426,               0.007426,               0.007426
                     54,                 0.8775,                0.57423,                 1.5526,                0.77612,                0.72665,                0.76159,                0.59093,                0.77494,                0.47062,                 1.5904,              0.0073765,              0.0073765,              0.0073765
                     55,                0.87533,                0.57172,                 1.5506,                0.78232,                0.72281,                0.76238,                0.59147,                0.77451,                0.46976,                 1.5896,               0.007327,               0.007327,               0.007327
                     56,                0.87524,                0.57153,                 1.5476,                0.77824,                0.72733,                0.76274,                 0.5919,                0.77443,                0.46931,                  1.589,              0.0072775,              0.0072775,              0.0072775
                     57,                0.84696,                0.54423,                 1.5215,                0.77867,                0.72677,                0.76309,                0.59199,                 0.7746,                0.46918,                 1.5893,               0.007228,               0.007228,               0.007228
                     58,                0.85827,                 0.5561,                 1.5409,                0.77475,                0.72849,                0.76269,                0.59169,                0.77437,                0.46907,                 1.5886,              0.0071785,              0.0071785,              0.0071785
                     59,                0.86329,                  0.559,                   1.54,                0.77441,                0.72838,                0.76223,                0.59113,                0.77459,                0.46904,                 1.5893,               0.007129,               0.007129,               0.007129
                     60,                0.86691,                0.56413,                 1.5435,                0.78188,                0.72293,                 0.7618,                0.59093,                0.77461,                0.46889,                  1.589,              0.0070795,              0.0070795,              0.0070795
                     61,                 0.8418,                0.53832,                 1.5167,                0.77855,                0.72483,                0.76188,                0.59104,                 0.7746,                0.46879,                 1.5892,                0.00703,                0.00703,                0.00703
                     62,                0.85417,                0.55059,                 1.5362,                0.77681,                0.72672,                0.76168,                0.59081,                0.77442,                0.46878,                 1.5889,              0.0069805,              0.0069805,              0.0069805
                     63,                0.83739,                 0.5341,                 1.5145,                0.77664,                0.72853,                0.76168,                0.59064,                0.77459,                0.46882,                 1.5892,               0.006931,               0.006931,               0.006931
                     64,                0.83446,                0.53204,                 1.5097,                 0.7764,                0.72849,                0.76174,                0.59098,                0.77466,                0.46887,                 1.5893,              0.0068815,              0.0068815,              0.0068815
                     65,                0.85137,                0.54936,                 1.5351,                0.78031,                0.72572,                 0.7619,                0.59062,                0.77458,                 0.4689,                  1.589,               0.006832,               0.006832,               0.006832
                     66,                 0.8326,                0.53062,                 1.5109,                0.77954,                 0.7266,                0.76166,                0.59081,                0.77458,                0.46888,                 1.5891,              0.0067825,              0.0067825,              0.0067825
                     67,                0.85087,                0.54728,                 1.5349,                0.78181,                0.72218,                0.76123,                0.59043,                0.77447,                0.46899,                 1.5891,               0.006733,               0.006733,               0.006733
                     68,                0.85669,                0.55321,                 1.5372,                0.78283,                0.72125,                0.76084,                0.59022,                0.77445,                0.46905,                 1.5895,              0.0066835,              0.0066835,              0.0066835
                     69,                0.86088,                0.55941,                 1.5403,                0.78116,                0.72287,                0.76131,                0.59045,                0.77452,                0.46882,                 1.5897,               0.006634,               0.006634,               0.006634
                     70,                0.86255,                0.55929,                 1.5479,                0.78195,                0.72242,                0.76136,                0.59034,                0.77432,                0.46871,                 1.5895,              0.0065845,              0.0065845,              0.0065845
                     71,                0.86338,                0.56323,                 1.5408,                0.78256,                0.72243,                0.76196,                0.59098,                0.77423,                0.46829,                 1.5895,               0.006535,               0.006535,               0.006535
                     72,                0.86423,                0.56435,                 1.5426,                0.78311,                0.72296,                0.76237,                0.59124,                 0.7741,                0.46806,                 1.5892,              0.0064855,              0.0064855,              0.0064855
                     73,                0.86167,                0.56082,                 1.5442,                0.78198,                0.72406,                0.76287,                0.59196,                0.77381,                0.46769,                 1.5888,               0.006436,               0.006436,               0.006436
                     74,                0.86009,                0.55932,                 1.5392,                0.78336,                0.72256,                0.76338,                0.59222,                0.77379,                0.46755,                 1.5887,              0.0063865,              0.0063865,              0.0063865
                     75,                0.86094,                0.55926,                 1.5373,                0.78528,                 0.7215,                0.76318,                0.59213,                0.77375,                0.46734,                 1.5884,               0.006337,               0.006337,               0.006337
                     76,                0.85816,                0.55857,                 1.5351,                0.78627,                0.72154,                0.76342,                 0.5924,                 0.7738,                 0.4671,                 1.5879,              0.0062875,              0.0062875,              0.0062875
                     77,                0.85582,                0.55585,                 1.5367,                0.78503,                0.72271,                0.76362,                0.59252,                0.77371,                0.46708,                 1.5877,               0.006238,               0.006238,               0.006238
                     78,                0.85417,                0.55501,                 1.5304,                0.78682,                0.72151,                0.76428,                0.59291,                 0.7736,                0.46694,                 1.5872,              0.0061885,              0.0061885,              0.0061885
                     79,                0.85439,                0.55346,                 1.5306,                0.78641,                0.72394,                0.76498,                0.59341,                0.77366,                0.46666,                 1.5869,               0.006139,               0.006139,               0.006139
                     80,                0.85348,                0.55403,                 1.5288,                0.78585,                0.72446,                0.76557,                0.59365,                0.77379,                0.46647,                 1.5865,              0.0060895,              0.0060895,              0.0060895
                     81,                 0.8511,                0.54988,                  1.529,                0.79145,                 0.7222,                0.76642,                0.59435,                0.77366,                0.46612,                 1.5859,                0.00604,                0.00604,                0.00604
                     82,                0.85158,                 0.5514,                 1.5332,                0.79228,                0.72173,                0.76694,                0.59524,                0.77337,                0.46608,                 1.5855,              0.0059905,              0.0059905,              0.0059905
                     83,                0.85047,                0.54924,                 1.5322,                0.79107,                0.72249,                0.76743,                 0.5957,                0.77324,                0.46609,                 1.5848,               0.005941,               0.005941,               0.005941
                     84,                0.84862,                0.54799,                 1.5318,                0.79348,                0.72079,                0.76802,                0.59618,                0.77333,                0.46596,                 1.5846,              0.0058915,              0.0058915,              0.0058915
                     85,                0.84731,                 0.5459,                 1.5265,                0.79213,                0.72241,                0.76852,                0.59698,                 0.7733,                0.46578,                 1.5841,               0.005842,               0.005842,               0.005842
                     86,                0.84659,                0.54438,                 1.5269,                0.79736,                0.71848,                0.76913,                0.59751,                0.77344,                0.46574,                 1.5839,              0.0057925,              0.0057925,              0.0057925
                     87,                0.84339,                0.54243,                 1.5292,                0.78749,                0.72653,                0.76919,                0.59782,                0.77374,                0.46573,                 1.5839,               0.005743,               0.005743,               0.005743
                     88,                0.84376,                0.54299,                 1.5218,                0.78854,                0.72919,                0.76959,                0.59805,                0.77387,                0.46578,                 1.5835,              0.0056935,              0.0056935,              0.0056935
                     89,                0.84145,                0.53953,                 1.5255,                0.79459,                0.72097,                0.77015,                0.59852,                0.77401,                0.46573,                 1.5833,               0.005644,               0.005644,               0.005644
                     90,                0.83965,                0.53765,                 1.5234,                0.79063,                0.72861,                0.77083,                0.59902,                0.77423,                0.46553,                  1.583,              0.0055945,              0.0055945,              0.0055945
                     91,                 0.8398,                0.53849,                 1.5219,                 0.7894,                 0.7295,                 0.7713,                0.59907,                0.77436,                0.46558,                 1.5826,               0.005545,               0.005545,               0.005545
                     92,                0.83792,                0.54025,                 1.5201,                0.78986,                0.72913,                0.77202,                0.59962,                0.77482,                0.46554,                 1.5829,              0.0054955,              0.0054955,              0.0054955
                     93,                 0.8358,                0.53528,                 1.5135,                0.78877,                 0.7287,                0.77244,                0.59994,                0.77486,                0.46552,                 1.5826,               0.005446,               0.005446,               0.005446
                     94,                 0.8358,                0.53483,                 1.5205,                0.78997,                0.72752,                0.77289,                0.60033,                0.77469,                0.46544,                 1.5821,              0.0053965,              0.0053965,              0.0053965
                     95,                0.83532,                0.53193,                 1.5136,                0.79167,                 0.7272,                0.77337,                0.60078,                0.77472,                0.46548,                  1.582,               0.005347,               0.005347,               0.005347
                     96,                0.83597,                0.53352,                 1.5127,                0.79473,                0.72662,                0.77343,                0.60131,                0.77482,                0.46548,                 1.5817,              0.0052975,              0.0052975,              0.0052975
                     97,                0.83056,                0.53036,                 1.5095,                0.79521,                0.72734,                0.77408,                0.60167,                0.77454,                0.46544,                 1.5812,               0.005248,               0.005248,               0.005248
                     98,                0.83218,                0.52927,                 1.5165,                0.79847,                0.72462,                0.77467,                0.60209,                0.77457,                0.46533,                 1.5809,              0.0051985,              0.0051985,              0.0051985
                     99,                0.83208,                 0.5302,                 1.5164,                0.79796,                0.72522,                0.77524,                0.60236,                0.77445,                 0.4651,                 1.5802,               0.005149,               0.005149,               0.005149
                    100,                0.82617,                0.52593,                 1.5054,                0.79925,                0.72671,                0.77542,                0.60283,                0.77426,                0.46493,                 1.5797,              0.0050995,              0.0050995,              0.0050995
                    101,                0.82672,                0.52399,                 1.5115,                 0.7985,                 0.7288,                0.77574,                0.60271,                 0.7741,                0.46498,                 1.5791,                0.00505,                0.00505,                0.00505
                    102,                0.82613,                0.52507,                 1.5108,                0.79743,                0.72984,                0.77584,                0.60297,                0.77394,                 0.4647,                 1.5787,              0.0050005,              0.0050005,              0.0050005
                    103,                0.82293,                0.52336,                 1.5097,                0.80047,                0.72819,                0.77613,                0.60347,                0.77358,                0.46443,                  1.578,               0.004951,               0.004951,               0.004951
                    104,                0.81269,                0.51317,                 1.4968,                0.80238,                0.72575,                0.77602,                0.60323,                0.77334,                0.46411,                 1.5779,              0.0049015,              0.0049015,              0.0049015
                    105,                0.82098,                0.52014,                 1.5093,                0.80396,                 0.7257,                0.77599,                0.60346,                0.77306,                0.46369,                 1.5779,               0.004852,               0.004852,               0.004852
                    106,                0.82466,                0.52316,                 1.5066,                0.80607,                0.72188,                0.77573,                 0.6034,                0.77277,                0.46348,                  1.578,              0.0048025,              0.0048025,              0.0048025
                    107,                0.82677,                0.52793,                 1.5089,                0.80511,                 0.7227,                0.77572,                0.60351,                0.77254,                0.46314,                  1.578,               0.004753,               0.004753,               0.004753
                    108,                0.82762,                0.52577,                 1.5131,                0.80481,                0.72275,                0.77578,                0.60332,                0.77247,                0.46275,                 1.5779,              0.0047035,              0.0047035,              0.0047035
                    109,                0.82802,                0.52702,                 1.5109,                0.80469,                0.72134,                0.77572,                0.60309,                0.77237,                0.46235,                  1.578,               0.004654,               0.004654,               0.004654
                    110,                   0.83,                0.52979,                  1.513,                0.80636,                0.71973,                0.77583,                0.60328,                0.77208,                0.46206,                 1.5777,              0.0046045,              0.0046045,              0.0046045
                    111,                0.82766,                0.52604,                 1.5147,                 0.8044,                0.72141,                0.77568,                0.60344,                0.77169,                0.46166,                 1.5774,               0.004555,               0.004555,               0.004555
                    112,                 0.8267,                 0.5259,                 1.5117,                 0.8061,                0.71954,                0.77586,                0.60401,                0.77139,                0.46146,                 1.5772,              0.0045055,              0.0045055,              0.0045055
                    113,                0.82737,                0.52567,                 1.5096,                0.78871,                 0.7326,                0.77553,                0.60393,                0.77123,                0.46129,                 1.5771,               0.004456,               0.004456,               0.004456
                    114,                 0.8247,                0.52557,                 1.5083,                0.78201,                0.73833,                0.77534,                0.60378,                0.77092,                0.46112,                 1.5769,              0.0044065,              0.0044065,              0.0044065
                    115,                0.82286,                0.52345,                 1.5124,                0.78186,                0.73767,                0.77557,                0.60412,                0.77075,                0.46078,                 1.5767,               0.004357,               0.004357,               0.004357
                    116,                0.82075,                0.52215,                 1.5072,                0.78042,                0.73916,                0.77573,                0.60441,                0.77026,                0.46045,                 1.5762,              0.0043075,              0.0043075,              0.0043075
                    117,                0.82294,                0.52224,                 1.5086,                0.77871,                0.74222,                0.77562,                0.60446,                0.76997,                0.46013,                 1.5761,               0.004258,               0.004258,               0.004258
                    118,                0.82286,                0.52365,                 1.5073,                0.77972,                0.74264,                0.77617,                 0.6052,                0.76964,                0.45987,                 1.5756,              0.0042085,              0.0042085,              0.0042085
                    119,                0.81869,                0.51852,                 1.5073,                0.77839,                0.74431,                0.77594,                0.60533,                0.76903,                0.45973,                 1.5748,               0.004159,               0.004159,               0.004159
                    120,                0.82117,                0.52086,                 1.5107,                0.77762,                0.74426,                 0.7765,                0.60582,                0.76857,                0.45947,                 1.5744,              0.0041095,              0.0041095,              0.0041095
                    121,                0.81944,                0.51735,                 1.5108,                0.77758,                0.74587,                0.77671,                0.60594,                 0.7681,                0.45919,                  1.574,                0.00406,                0.00406,                0.00406
                    122,                0.81822,                0.51747,                 1.5091,                0.77773,                0.74658,                0.77692,                0.60662,                0.76759,                0.45873,                 1.5736,              0.0040105,              0.0040105,              0.0040105
                    123,                0.81706,                0.51569,                 1.5063,                0.77835,                0.74572,                0.77682,                0.60686,                0.76716,                 0.4585,                 1.5729,               0.003961,               0.003961,               0.003961
                    124,                0.81699,                0.51452,                 1.5055,                0.78231,                0.74054,                  0.777,                0.60663,                0.76707,                0.45832,                 1.5729,              0.0039115,              0.0039115,              0.0039115
                    125,                0.81402,                0.51307,                 1.5064,                0.78281,                0.73954,                0.77677,                0.60665,                0.76693,                0.45803,                 1.5729,               0.003862,               0.003862,               0.003862
                    126,                0.81592,                0.51462,                 1.5006,                0.78364,                 0.7387,                0.77691,                0.60689,                0.76644,                0.45765,                 1.5723,              0.0038125,              0.0038125,              0.0038125
                    127,                0.81319,                0.51166,                 1.5013,                0.78292,                0.73934,                 0.7774,                0.60731,                0.76619,                0.45734,                 1.5721,               0.003763,               0.003763,               0.003763
                    128,                0.79667,                0.49688,                 1.4847,                0.78629,                0.73705,                0.77728,                0.60726,                0.76601,                0.45698,                 1.5723,              0.0037135,              0.0037135,              0.0037135
                    129,                0.80371,                0.50209,                 1.4956,                0.78624,                0.73684,                0.77722,                0.60739,                0.76573,                0.45667,                 1.5723,               0.003664,               0.003664,               0.003664
                    130,                0.80672,                0.50346,                 1.4936,                0.78582,                0.73742,                0.77717,                0.60743,                0.76564,                 0.4565,                 1.5726,              0.0036145,              0.0036145,              0.0036145
                    131,                 0.8089,                0.50951,                 1.4957,                0.78736,                0.73745,                0.77717,                0.60738,                0.76531,                0.45622,                 1.5724,               0.003565,               0.003565,               0.003565
                    132,                0.80842,                0.50689,                  1.498,                0.78829,                0.73604,                0.77696,                 0.6073,                 0.7651,                0.45603,                 1.5724,              0.0035155,              0.0035155,              0.0035155
                    133,                 0.8092,                0.50804,                 1.4964,                0.78764,                0.73684,                0.77707,                0.60731,                0.76488,                0.45574,                 1.5724,               0.003466,               0.003466,               0.003466
                    134,                0.81098,                0.51031,                 1.4977,                0.79027,                0.73642,                0.77696,                0.60771,                0.76455,                0.45547,                 1.5723,              0.0034165,              0.0034165,              0.0034165
                    135,                0.80913,                0.50807,                 1.4992,                0.78963,                0.73586,                0.77691,                0.60765,                0.76431,                0.45507,                 1.5725,               0.003367,               0.003367,               0.003367
                    136,                0.80983,                0.50779,                 1.4996,                0.79083,                0.73503,                0.77709,                0.60785,                0.76401,                0.45451,                 1.5724,              0.0033175,              0.0033175,              0.0033175
                    137,                0.81076,                0.50834,                 1.4968,                0.79494,                 0.7319,                0.77693,                0.60788,                 0.7638,                0.45407,                 1.5725,               0.003268,               0.003268,               0.003268
                    138,                 0.8071,                0.50795,                 1.4941,                 0.7923,                0.73412,                0.77723,                0.60802,                0.76356,                0.45376,                 1.5727,              0.0032185,              0.0032185,              0.0032185
                    139,                0.80525,                0.50607,                 1.4978,                0.79409,                0.73385,                0.77706,                0.60816,                0.76339,                0.45348,                 1.5729,               0.003169,               0.003169,               0.003169
                    140,                0.80408,                0.50566,                 1.4936,                0.79553,                0.73245,                0.77711,                0.60847,                 0.7632,                0.45331,                  1.573,              0.0031195,              0.0031195,              0.0031195
                    141,                0.80637,                0.50529,                 1.4935,                0.79804,                0.73013,                0.77741,                 0.6086,                0.76315,                0.45296,                 1.5731,                0.00307,                0.00307,                0.00307
                    142,                0.80509,                0.50724,                 1.4912,                0.79572,                0.73311,                0.77735,                 0.6087,                 0.7629,                0.45256,                  1.573,              0.0030205,              0.0030205,              0.0030205
                    143,                0.80236,                0.50154,                 1.4913,                0.79663,                0.73326,                0.77784,                0.60899,                0.76244,                0.45227,                 1.5729,               0.002971,               0.002971,               0.002971
                    144,                0.80515,                0.50399,                 1.4964,                0.79561,                0.73394,                0.77769,                0.60916,                0.76219,                0.45188,                 1.5727,              0.0029215,              0.0029215,              0.0029215
                    145,                0.80262,                0.50136,                 1.4934,                0.79648,                 0.7341,                0.77799,                0.60937,                0.76201,                0.45156,                 1.5726,               0.002872,               0.002872,               0.002872
                    146,                0.80175,                0.50049,                 1.4936,                0.80089,                0.73228,                0.77803,                0.60946,                0.76171,                0.45117,                 1.5723,              0.0028225,              0.0028225,              0.0028225
                    147,                0.80051,                0.49933,                 1.4923,                0.79748,                0.73444,                0.77798,                0.60938,                 0.7614,                0.45087,                  1.572,               0.002773,               0.002773,               0.002773
                    148,                0.80134,                  0.499,                 1.4892,                0.79824,                0.73475,                0.77818,                0.60967,                0.76108,                0.45043,                 1.5716,              0.0027235,              0.0027235,              0.0027235
                    149,                0.79709,                0.49597,                 1.4908,                 0.7964,                0.73626,                0.77832,                0.60991,                0.76106,                0.45033,                 1.5716,               0.002674,               0.002674,               0.002674
                    150,                0.79895,                0.49811,                 1.4876,                0.79895,                0.73542,                0.77839,                0.61036,                0.76078,                   0.45,                 1.5714,              0.0026245,              0.0026245,              0.0026245
                    151,                0.79677,                0.49426,                 1.4891,                0.80109,                0.73375,                 0.7786,                0.61047,                0.76057,                0.44968,                 1.5713,               0.002575,               0.002575,               0.002575
                    152,                0.79578,                0.49311,                 1.4875,                0.80101,                0.73429,                0.77875,                0.61079,                 0.7604,                0.44915,                 1.5712,              0.0025255,              0.0025255,              0.0025255
                    153,                0.79474,                 0.4925,                 1.4857,                0.80037,                0.73415,                0.77903,                  0.611,                0.76009,                0.44884,                  1.571,               0.002476,               0.002476,               0.002476
                    154,                0.79449,                0.49499,                 1.4845,                0.80014,                0.73451,                0.77922,                0.61116,                   0.76,                0.44855,                 1.5712,              0.0024265,              0.0024265,              0.0024265
                    155,                  0.779,                0.47964,                 1.4696,                0.79857,                0.73511,                 0.7786,                0.61111,                0.75991,                0.44845,                 1.5712,               0.002377,               0.002377,               0.002377
                    156,                0.78384,                0.48262,                 1.4769,                0.79961,                0.73527,                0.77883,                0.61094,                0.75995,                0.44823,                 1.5715,              0.0023275,              0.0023275,              0.0023275
                    157,                0.78618,                0.48369,                 1.4728,                0.79808,                0.73523,                0.77854,                0.61096,                0.75981,                0.44808,                 1.5716,               0.002278,               0.002278,               0.002278
                    158,                0.78786,                0.48739,                 1.4763,                0.79689,                0.73618,                0.77828,                0.61084,                0.75972,                 0.4479,                 1.5718,              0.0022285,              0.0022285,              0.0022285
                    159,                0.78601,                0.48499,                 1.4758,                0.79668,                0.73631,                0.77808,                0.61056,                0.75967,                0.44783,                 1.5719,               0.002179,               0.002179,               0.002179
                    160,                0.78779,                0.48609,                 1.4753,                0.79734,                0.73503,                 0.7782,                 0.6106,                0.75959,                0.44747,                 1.5721,              0.0021295,              0.0021295,              0.0021295
                    161,                0.78906,                0.48767,                 1.4763,                0.79722,                0.73385,                0.77808,                0.61055,                0.75934,                0.44722,                 1.5719,                0.00208,                0.00208,                0.00208
                    162,                0.78662,                0.48505,                 1.4778,                0.79723,                0.73385,                0.77786,                0.61015,                0.75918,                0.44691,                 1.5721,              0.0020305,              0.0020305,              0.0020305
                    163,                0.78691,                0.48523,                 1.4757,                0.79714,                0.73396,                0.77773,                0.61015,                  0.759,                0.44671,                 1.5719,               0.001981,               0.001981,               0.001981
                    164,                0.78858,                0.48627,                 1.4744,                0.79853,                0.73359,                0.77748,                 0.6098,                0.75889,                0.44662,                 1.5718,              0.0019315,              0.0019315,              0.0019315
                    165,                0.78588,                 0.4853,                 1.4732,                0.79887,                0.73372,                 0.7776,                0.60997,                0.75881,                0.44622,                  1.572,               0.001882,               0.001882,               0.001882
                    166,                0.78376,                0.48403,                 1.4765,                0.79894,                0.73381,                0.77715,                0.60981,                 0.7585,                0.44615,                 1.5719,              0.0018325,              0.0018325,              0.0018325
                    167,                0.78261,                0.48371,                 1.4714,                0.79982,                0.73319,                0.77704,                 0.6097,                0.75821,                0.44582,                 1.5717,               0.001783,               0.001783,               0.001783
                    168,                0.78468,                0.48363,                 1.4729,                0.79685,                 0.7347,                 0.7768,                0.60938,                0.75803,                0.44564,                 1.5718,              0.0017335,              0.0017335,              0.0017335
                    169,                0.78397,                0.48467,                 1.4733,                0.79679,                0.73504,                0.77706,                0.60938,                 0.7578,                0.44541,                 1.5717,               0.001684,               0.001684,               0.001684
                    170,                0.78145,                0.47993,                 1.4734,                0.79219,                0.73996,                0.77658,                 0.6094,                0.75744,                0.44512,                 1.5713,              0.0016345,              0.0016345,              0.0016345
                    171,                0.78377,                0.48211,                 1.4771,                0.78959,                 0.7423,                0.77627,                0.60921,                0.75705,                0.44489,                 1.5711,               0.001585,               0.001585,               0.001585
                    172,                0.78212,                0.48004,                 1.4774,                0.78757,                0.74242,                0.77628,                0.60916,                  0.757,                0.44478,                  1.571,              0.0015355,              0.0015355,              0.0015355
                    173,                0.76615,                 0.4666,                 1.4571,                0.78651,                0.74275,                0.77583,                0.60886,                0.75699,                0.44483,                 1.5713,               0.001486,               0.001486,               0.001486
                    174,                0.76959,                0.46856,                 1.4631,                0.78667,                0.74264,                0.77602,                0.60898,                0.75687,                0.44474,                 1.5712,              0.0014365,              0.0014365,              0.0014365
                    175,                0.77129,                0.46904,                 1.4599,                0.78669,                0.74204,                0.77532,                 0.6088,                0.75676,                 0.4448,                 1.5711,               0.001387,               0.001387,               0.001387
                    176,                0.77853,                0.45738,                 1.5477,                0.78567,                0.74262,                0.77508,                0.60865,                0.75666,                0.44492,                 1.5709,              0.0013375,              0.0013375,              0.0013375
                    177,                0.77418,                0.45305,                 1.5418,                0.78382,                0.74344,                 0.7749,                0.60871,                 0.7566,                0.44494,                 1.5704,               0.001288,               0.001288,               0.001288
                    178,                0.77179,                0.45082,                 1.5407,                0.78278,                0.74468,                0.77473,                 0.6087,                 0.7565,                0.44492,                   1.57,              0.0012385,              0.0012385,              0.0012385
                    179,                0.76781,                0.44881,                 1.5346,                0.78258,                0.74455,                0.77478,                0.60885,                0.75619,                 0.4448,                 1.5696,               0.001189,               0.001189,               0.001189
                    180,                0.76724,                0.44781,                 1.5343,                0.78378,                0.74422,                0.77467,                0.60851,                0.75594,                0.44459,                 1.5693,              0.0011395,              0.0011395,              0.0011395
                    181,                0.76459,                0.44575,                 1.5364,                0.78274,                 0.7451,                0.77419,                0.60853,                0.75558,                0.44442,                 1.5689,                0.00109,                0.00109,                0.00109
                    182,                0.76212,                0.44277,                 1.5286,                0.78382,                0.74295,                0.77412,                0.60853,                0.75514,                0.44414,                 1.5685,              0.0010405,              0.0010405,              0.0010405
                    183,                0.76247,                0.44213,                  1.528,                0.78231,                0.74385,                0.77415,                0.60866,                0.75481,                0.44396,                 1.5682,               0.000991,               0.000991,               0.000991
                    184,                 0.7585,                0.43914,                 1.5268,                0.80212,                 0.7283,                0.77408,                 0.6089,                0.75463,                0.44375,                 1.5682,              0.0009415,              0.0009415,              0.0009415
                    185,                0.75761,                0.43942,                 1.5234,                0.80168,                0.72908,                0.77381,                0.60912,                0.75446,                0.44361,                 1.5681,               0.000892,               0.000892,               0.000892
                    186,                0.75547,                0.43836,                 1.5238,                0.79968,                0.72965,                0.77391,                 0.6091,                0.75425,                0.44341,                 1.5677,              0.0008425,              0.0008425,              0.0008425
                    187,                0.75358,                0.43566,                 1.5227,                0.80214,                0.72924,                0.77412,                0.60919,                0.75399,                0.44312,                 1.5673,               0.000793,               0.000793,               0.000793
                    188,                 0.7518,                 0.4352,                 1.5182,                0.80179,                 0.7305,                  0.774,                0.60907,                0.75389,                0.44299,                  1.567,              0.0007435,              0.0007435,              0.0007435
                    189,                0.74991,                0.43329,                  1.517,                0.80334,                0.72884,                0.77413,                0.60907,                0.75373,                0.44276,                 1.5668,               0.000694,               0.000694,               0.000694
                    190,                0.76341,                 0.4448,                 1.5325,                0.80219,                0.73007,                0.77314,                0.60874,                0.75361,                0.44287,                 1.5666,              0.0006445,              0.0006445,              0.0006445
                    191,                0.75913,                0.44029,                 1.5297,                0.80254,                 0.7296,                0.77327,                0.60833,                 0.7535,                0.44291,                 1.5665,               0.000595,               0.000595,               0.000595
                    192,                0.75674,                0.43975,                 1.5265,                0.80195,                0.72949,                0.77287,                0.60801,                0.75337,                0.44291,                 1.5663,              0.0005455,              0.0005455,              0.0005455
                    193,                0.75821,                0.43985,                 1.5271,                 0.7992,                0.73174,                0.77265,                 0.6076,                0.75329,                0.44297,                 1.5662,               0.000496,               0.000496,               0.000496
                    194,                0.75342,                0.43661,                 1.5215,                0.79835,                0.73122,                0.77241,                0.60778,                0.75316,                0.44292,                 1.5661,              0.0004465,              0.0004465,              0.0004465
                    195,                0.75296,                0.43573,                 1.5214,                0.80194,                0.72927,                0.77231,                0.60716,                0.75302,                 0.4428,                 1.5659,               0.000397,               0.000397,               0.000397
                    196,                   0.75,                0.43472,                 1.5199,                0.80224,                 0.7299,                0.77237,                0.60707,                0.75291,                0.44271,                 1.5659,              0.0003475,              0.0003475,              0.0003475
                    197,                 0.7491,                0.43362,                 1.5158,                0.80307,                0.72817,                0.77213,                0.60706,                0.75285,                0.44282,                 1.5659,               0.000298,               0.000298,               0.000298
                    198,                 0.7479,                0.43257,                 1.5146,                0.80176,                0.73054,                0.77207,                0.60699,                 0.7528,                0.44269,                 1.5658,              0.0002485,              0.0002485,              0.0002485
                    199,                0.74626,                0.42986,                 1.5151,                0.80235,                0.73018,                0.77194,                0.60699,                0.75281,                 0.4427,                 1.5659,               0.000199,               0.000199,               0.000199
                    200,                0.74562,                0.43054,                 1.5146,                0.80199,                0.73061,                0.77168,                0.60677,                0.75275,                0.44271,                  1.566,              0.0001495,              0.0001495,              0.0001495
